file_name,description
car_0001.off,Van with a long body.
car_0002.off,"Big SUV with high clearance, brand - Volvo, is remarkable."
car_0003.off,Jeep with a mounted spare tire looks ruggedly adventurous.
car_0004.off,"Luxury vintage sedan car, sleek and thin, exudes elegance."
car_0005.off,Modern Ferrari sports car epitomizes speed and luxury combined.
car_0006.off,Medium pickup truck offers versatility and practicality for transportation.
car_0007.off,Mercedes sedan without tires raises eyebrows for its peculiar state.
car_0008.off,Long Dodge Challenger without wheels raises curiosity and questions.
car_0009.off,Long minivan without tires seems stranded and in need of assistance.
car_0010.off,Big and spacious Mitsubishi SUV with a tire attached stands out.
car_0011.off,Compact crossover car combines efficiency and style seamlessly.
car_0012.off,Chevrolet sedan boasts classic American automotive design and reliability.
car_0013.off,Vintage Aston Martin sedan exudes timeless sophistication and charm.
car_0014.off,Old and big vintage royal car emanates regal elegance and grandeur.
car_0015.off,Long and big Opel minivan offers ample space and functionality.
car_0016.off,Long sportscar with spoiler hints at high-performance capabilities.
car_0017.off,Small minivan provides practicality in a compact form factor.
car_0018.off,Boxy sportscar showcases a bold and distinctive design language.
car_0019.off,Sports car with a spoiler signifies a focus on aerodynamics.
car_0020.off,Two-seater short Mercedes sedan exudes luxury in a compact package.
car_0022.off,Long rooftop open luxury car offers an exhilarating driving experience.
car_0023.off,Boxy sports car with spoiler combines style with aerodynamic efficiency.
car_0024.off,Volkswagen big boxy car with big wheels promises comfort and reliability.
car_0025.off,Toy sports car captures the essence of childhood imagination.
car_0026.off,Rooftop open long and luxurious Mercedes car exudes opulence.
car_0027.off,Futuristic car with big wheels hints at advanced automotive technology.
car_0028.off,Short and compact car with spoiler offers sporty appeal.
car_0029.off,Vintage car with a long trunk evokes nostalgia and admiration.
car_0030.off,Long bulky sportscar commands attention with its imposing presence.
car_0032.off,Rounded Toyota sedan embodies reliability and practicality.
car_0033.off,Long BMW sedan combines luxury with German engineering prowess.
car_0034.off,Renault bulky sedan offers European elegance and comfort.
car_0035.off,Aerodynamic sports car with spoiler screams high-speed performance.
car_0036.off,BMW two-seater sports car delivers thrills in a compact package.
car_0037.off,Long minivan provides spaciousness without compromising on style.
car_0038.off,Audi sports car bulky in size yet agile on the road.
car_0039.off,Minicooper hatchback charms with its compact yet stylish design.
car_0040.off,Vintage long boxy sedan exudes timeless appeal and sophistication.
car_0041.off,Long powerful Dodge car with open engine showcases raw power.
car_0042.off,Ford boxy long car offers practicality with a touch of ruggedness.
car_0043.off,Lamborghini long and sleek sportscar epitomizes automotive luxury.
car_0044.off,Vintage long car harks back to a bygone era of elegance.
car_0045.off,Old McLaren sports car represents a legacy of automotive excellence.
car_0046.off,Long sedan without wheels raises questions about its condition.
car_0047.off,Dodge open sportscar promises an exhilarating driving experience.
car_0048.off,Ford compact high car with big wheels and spoiler offers performance.
car_0049.off,Compact sedan combines efficiency with comfort for everyday driving.
car_0050.off,Dodge sedan with a spoiler and big headlights looks sporty.
car_0051.off,Dune buggy epitomizes off-road adventure and fun.
car_0052.off,Pickup truck offers versatility for work and leisure activities.
car_0053.off,Police sedan car signifies authority and law enforcement presence.
car_0054.off,Aston Martin vintage long sedan exudes timeless British sophistication.
car_0056.off,Long Toyota sedan balances reliability with elegant design features.
car_0057.off,Vintage long and powerful Dodge Charger embodies American muscle.
car_0058.off,Modern sports car with a spoiler offers thrilling driving dynamics.
car_0059.off,Citroen sports SUV car blends style with practicality for adventure.
car_0060.off,Vintage boxy car exudes retro charm and nostalgic appeal.
car_0061.off,Open Audi sports car combines performance with open-air exhilaration.
car_0062.off,Sedan offers practicality and comfort for everyday transportation needs.
car_0063.off,Boxy minivan provides ample space for passengers and cargo alike.
car_0064.off,Big and boxy Toyota SUV promises reliability and off-road capability.
car_0065.off,Mercedes sporty hatchback combines style with driving enjoyment.
car_0066.off,Rugged sports SUV is ready to tackle any terrain with confidence.
car_0067.off,Vintage rooftop open sportscar offers a classic driving experience.
car_0068.off,Vintage royal open car embodies luxury and sophistication of yesteryears.
car_0069.off,Boxy toy car sparks imagination and creativity in children.
car_0070.off,Long sedan combines comfort with ample interior space for passengers.
car_0071.off,Honda sports car delivers exhilarating performance and driving pleasure.
car_0072.off,Boxy compact very small car with straight back is unique.
car_0073.off,Police open sportscar is ready to chase down any perpetrators.
car_0074.off,Long sedan exudes power with its potent engine and exhaust system.
car_0075.off,Long sports car combines power and elegance in a sleek design.
car_0076.off,Boxy sedan offers a spacious interior with practical features.
car_0077.off,Compact sedan is perfect for navigating urban environments with ease.
car_0078.off,Ferrari sports car with spoiler promises thrilling performance on the road.
car_0079.off,Compact sedan offers a perfect blend of comfort and fuel economy.
car_0080.off,Luxurious limousine car offers unparalleled comfort and sophistication.
car_0081.off,Sports car boasts a muscular and aggressive design language.
car_0082.off,Bulky rounded sports car with spoiler exudes a powerful presence.
car_0083.off,Stylish limousine combines elegance with modern amenities for luxury travel.
car_0084.off,Old-fashioned long car evokes nostalgia for a bygone era.
car_0085.off,Long open sports car offers an exhilarating driving experience.
car_0086.off,Bulky rounded family SUV with big wheels provides ample space.
car_0087.off,Compact sedan offers efficiency without compromising on comfort.
car_0088.off,Open long vintage classy car exudes timeless elegance and charm.
car_0089.off,Compact family car is practical and economical for daily use.
car_0090.off,Old European royal car embodies opulence and grandeur of royalty.
car_0091.off,BMW sedan combines luxury with sporty driving dynamics.
car_0092.off,Classic sports car with low ground clearance offers vintage charm.
car_0093.off,Vintage long classy car exudes sophistication and timeless style.
car_0094.off,Mercedes classy sedan combines luxury with German engineering excellence.
car_0095.off,Compact family car offers versatility and comfort for everyday use.
car_0096.off,Boxy high SUV provides commanding views of the road ahead.
car_0097.off,Classic sports car with spoiler adds a touch of performance.
car_0098.off,Stylish car with no wheels and low ground clearance is intriguing.
car_0099.off,Boxy sports car offers a unique blend of style and performance.
car_0100.off,Sports car with open doors and spoiler exudes athleticism.
car_0101.off,Compact taxi offers efficient transportation in urban environments.
car_0102.off,Long toy car sparks imagination and creativity in children.
car_0103.off,Minivan provides spaciousness and comfort for family adventures.
car_0104.off,Mercedes long minivan offers ample room for passengers and cargo.
car_0105.off,Family sedan combines practicality with comfort for everyday use.
car_0106.off,Long Audi sedan exudes luxury and refinement in every detail.
car_0107.off,Compact Mini Cooper delivers fun driving dynamics in a small package.
car_0108.off,Small Mercedes hatchback offers agility and style for urban driving.
car_0110.off,Long sedan provides ample legroom and comfort for passengers.
car_0111.off,BMW sedan combines luxury with sporty performance for discerning drivers.
car_0112.off,Very long sedan offers generous space and comfort for occupants.
car_0113.off,Aerodynamic sportscar exudes speed and agility on the open road.
car_0114.off,Very long powerful Dodge muscle car embodies American automotive heritage.
car_0115.off,Compact hatchback offers versatility and practicality for daily commutes.
car_0116.off,Volkswagen compact hatchback combines efficiency with German engineering.
car_0117.off,Classic vintage car evokes nostalgia for a bygone era of motoring.
car_0118.off,Honda family sedan with antenna offers reliable transportation with connectivity.
car_0119.off,Boxy sedan combines practicality with a spacious interior for passengers.
car_0120.off,Rolls Royce luxury car epitomizes opulence and prestige in motoring.
car_0121.off,Vintage Dodge sports car captures the essence of American muscle.
car_0122.off,Lamborghini long and sleek sportscar commands attention with its presence.
car_0124.off,Volkswagen pickup truck offers versatility for work and leisure activities.
car_0125.off,Rugged sports car is built to handle challenging off-road terrain.
car_0126.off,Compact toy car with spoiler is a playful addition to any collection.
car_0127.off,Chevrolet stylish sports car combines performance with iconic American design.
car_0128.off,Rooftop open small sports car offers exhilarating open-air driving experiences.
car_0129.off,Classic vintage sports car with spoiler adds a touch of performance.
car_0130.off,Dodge Charger with antenna embodies American muscle car culture.
car_0131.off,Ferrari stylish sports car exudes speed and luxury in equal measure.
car_0132.off,Toy car provides endless entertainment for children of all ages.
car_0133.off,Toy sports car with spoiler sparks imagination and creativity in kids.
car_0134.off,Rooftop open sedan combines elegance with open-air driving enjoyment.
car_0135.off,Vintage open Chevrolet offers a glimpse into automotive history.
car_0136.off,Vintage classy long sleek car exudes elegance and sophistication.
car_0137.off,Boxy sports car combines style with dynamic driving performance.
car_0138.off,McLaren long sleek sports car delivers breathtaking performance on the track.
car_0139.off,Compact family hatchback offers versatility and practicality for everyday use.
car_0140.off,McLaren long sleek sports car embodies precision engineering and design.
car_0141.off,Modern aerodynamic sports car delivers exhilarating performance and agility.
car_0142.off,Small two-seater sedan combines sporty design with everyday practicality.
car_0143.off,Rugged Jeep with tyre attached to the back is ready for adventure.
car_0144.off,Sports car with spoiler adds a touch of aerodynamic performance.
car_0145.off,Nissan sports car offers a thrilling driving experience with style.
car_0146.off,Sports car with spoiler combines style with dynamic driving capabilities.
car_0147.off,Ford sports car with spoiler exudes power and performance on the road.
car_0148.off,Old boxy car evokes nostalgia for a simpler automotive era.
car_0149.off,Volkswagen compact hatchback offers efficiency and reliability in urban environments.
car_0150.off,Medium hatchback provides versatility and practicality for daily driving needs.
car_0151.off,Futuristic toy car with spoiler sparks imagination and creativity in children.
car_0152.off,Family sedan offers comfort and convenience for daily commuting and travel.
car_0153.off,Long vintage boxy car exudes classic charm and elegance.
car_0154.off,Vintage hatchback combines retro styling with modern practicality.
car_0155.off,Vintage royal car with tyre attached to the back is a regal sight.
car_0156.off,Taxi provides convenient transportation services for urban dwellers.
car_0157.off,Sports car delivers thrilling performance and exhilarating driving experiences.
car_0158.off,Long sedan offers spaciousness and comfort for extended journeys.
car_0160.off,Sporty pickup truck combines utility with dynamic styling for versatility.
car_0161.off,Mercedes sports sedan blends luxury with high-performance driving capabilities.
car_0162.off,Futuristic racing car pushes the boundaries of automotive design and technology.
car_0163.off,"Bugatti sports car epitomizes speed, luxury, and exclusivity in motoring."
car_0164.off,Car without tyres challenges conventional automotive design with innovative concepts.
car_0165.off,Sports car without car is a paradoxical notion in automotive imagination.
car_0166.off,Taxi provides essential transportation services for urban commuters and travelers.
car_0167.off,Audi sedan combines elegance with advanced technology for refined driving.
car_0168.off,Formula One racing car represents the pinnacle of motorsport engineering.
car_0169.off,Compact boxy hatchback offers practicality and efficiency for urban living.
car_0170.off,Volkswagen compact hatchback delivers reliable performance and fuel efficiency.
car_0171.off,All-terrain Jeep convoy with a tyre attached to the back is ready for adventure.
car_0172.off,Long and sleek sedan car offers comfort and style for passengers.
car_0173.off,Nissan modern sedan car combines sophistication with advanced features.
car_0174.off,Fiat family hatchback car provides versatility and practicality for daily use.
car_0175.off,Powerful and all-terrain minivan with luggage carrier is ready for exploration.
car_0176.off,Powerful and all-terrain family minivan with luggage carrier and tyre attached to the back is prepared for any adventure.
car_0177.off,Two-seater sedan car offers intimacy and sporty driving dynamics.
car_0178.off,Old vintage toy car evokes nostalgia for childhood playtime memories.
car_0179.off,Powerful and all-terrain family hatchback offers versatility and capability.
car_0181.off,Rolls Royce luxury car embodies opulence and refinement in automotive design.
car_0182.off,Old Mercedes family sedan car blends tradition with modern comfort features.
car_0183.off,Old Audi family sedan car exudes timeless elegance and sophistication.
car_0184.off,Rolls Royce luxury car epitomizes luxury and exclusivity in automotive craftsmanship.
car_0185.off,Sleek and long sports car with low ground clearance offers exhilarating performance.
car_0186.off,Rugged minivan with luggage carrier is designed for practical family transportation.
car_0187.off,Mazda sedan car combines reliability with stylish design for everyday driving.
car_0188.off,Compact two-seater car offers sporty performance and agile handling.
car_0189.off,Lamborghini sports car with no wheels challenges conventional automotive design.
car_0190.off,Volkswagen long and big minivan provides spaciousness and versatility for families.
car_0191.off,Futuristic curvy sports car showcases innovative design and advanced technology.
car_0192.off,Vintage boxy car with high ground clearance offers retro charm.
car_0193.off,Old family BMW sedan combines heritage with modern luxury features.
car_0194.off,Sports car with a spoiler adds a touch of performance and style.
car_0195.off,Audi long sedan combines elegance with advanced technology for luxury driving.
car_0196.off,Hyundai SUV with luggage carrier offers versatility and capability for outdoor adventures.
car_0197.off,Old Mercedes sedan exudes timeless elegance and sophistication in automotive design.
car_0198.off,Boxy toy minivan provides hours of imaginative play for children.
car_0199.off,Rooftop open curvy two-seater sports car offers exhilarating driving experiences.
car_0200.off,Dodge Charger muscle car embodies American automotive muscle and power.
car_0201.off,Old DMC long and sleek muscle car evokes nostalgia for the 1980s.
car_0203.off,Compact family sedan offers practicality and efficiency for daily commuting.
car_0204.off,Two-seater sports car with a spoiler combines sportiness with aerodynamic design.
car_0205.off,Old Mercedes family sedan car exudes classic luxury and elegance.
car_0206.off,Long and sleek old car provides spaciousness and comfort for passengers.
car_0207.off,Toy car offers endless entertainment and imaginative play for children.
car_0208.off,Audi compact curvy sedan blends style with practicality for urban driving.
car_0209.off,Rooftop open long and sleek car provides open-air driving enjoyment.
car_0210.off,Old long boxy sedan car exudes vintage charm and elegance.
car_0211.off,Compact curvy sedan car combines style with maneuverability for city driving.
car_0212.off,BMW SUV with luggage carrier offers versatility and capability for adventures.
car_0213.off,Old boxy Honda sedan combines reliability with timeless design features.
car_0214.off,Rooftop open long and sleek muscle car evokes classic Americana.
car_0215.off,Compact curvy two-seater Mercedes car blends style with sporty performance.
car_0216.off,Long Audi sedan car combines luxury with advanced technology for sophistication.
car_0217.off,Rooftop open small boxy McLaren sportscar offers exhilarating driving experiences.
car_0218.off,All-terrain curvy Mercedes SUV is ready for off-road adventures.
car_0219.off,Old long and sleek rooftop open car with big exhaust at the back offers vintage charm.
car_0220.off,Mazda family sedan car provides practicality and comfort for daily driving.
car_0221.off,Opel family SUV with antenna offers versatility and style for families.
car_0222.off,Chevrolet boxy minivan with luggage carrier provides ample space for cargo.
car_0223.off,Old Volkswagen compact boxy family car offers retro charm and reliability.
car_0224.off,Big and boxy SUV with luggage carrier combines utility with spaciousness.
car_0225.off,Family sedan car offers comfort and safety for daily commuting needs.
car_0226.off,Very small boxy hatchback with no wheels challenges conventional automotive design.
car_0227.off,Old long car exudes vintage charm and elegance on the road.
car_0228.off,Mercedes small and compact hatchback blends style with efficiency for city driving.
car_0229.off,Small two-seater Mercedes car with a spoiler offers sporty driving dynamics.
car_0230.off,BMW boxy hatchback car with luggage carrier provides versatility and style.
car_0231.off,Mercedes all-terrain SUV with luggage carrier offers capability and luxury.
car_0232.off,Small curvy two-seater car combines style with agility for urban driving.
car_0233.off,Old long and sleek boxy muscle car exudes vintage Americana.
car_0234.off,Curvy hatchback car with a spoiler offers sporty performance and style.
car_0236.off,Pickup truck combines ruggedness with practicality for various hauling needs.
car_0237.off,Volkswagen curvy hatchback car offers style and versatility for urban driving.
car_0238.off,Ford Mustang sedan with a spoiler delivers exhilarating performance and style.
car_0239.off,Long old Mercedes sedan car exudes classic elegance and sophistication.
car_0240.off,Long old sedan car offers spaciousness and comfort for passengers.
car_0241.off,Toyota long curvy minivan provides versatility and comfort for families.
car_0242.off,Vintage small boxy two-seater car evokes retro charm and nostalgia.
car_0244.off,Boxy SUV with a luggage carrier and high ground clearance offers versatility.
car_0245.off,Long toy car provides endless hours of imaginative play for children.
car_0246.off,Maybach long and curvy sportscar epitomizes luxury and opulence.
car_0247.off,Taxi toy car is a miniature version of the iconic urban vehicle.
car_0248.off,Sleek sportscar with spoiler and low ground clearance offers high performance.
car_0249.off,Boxy minivan with luggage carrier provides ample space for family adventures.
car_0250.off,Boxy minivan offers practicality and comfort for daily commuting needs.
car_0252.off,Boxy minivan with luggage carrier is ready for family road trips.
car_0253.off,Pickup truck combines ruggedness with versatility for various hauling tasks.
car_0254.off,All-terrain minivan with luggage carrier is equipped for outdoor adventures.
car_0255.off,Old Mercedes sedan combines elegance with reliability for everyday driving.
car_0256.off,Vintage curvy small car exudes retro charm and timeless appeal.
car_0257.off,Limousine car offers luxury and comfort for discerning passengers.
car_0259.off,Pickup truck is a versatile vehicle for transporting goods and equipment.
car_0260.off,Lexus old sedan car with spoiler blends luxury with sporty design.
car_0261.off,Audi long SUV car offers spaciousness and luxury for passengers.
car_0262.off,Boxy toy car provides endless entertainment for young children.
car_0263.off,Long taxi car offers transportation services for urban commuters.
car_0264.off,Curvy two-seater car with spoiler combines style with sporty performance.
car_0265.off,Curvy Toyota SUV car offers versatility and capability for various terrains.
car_0266.off,Very big and boxy minivan offers spaciousness and comfort for families.
car_0267.off,Very big and boxy minivan provides ample room for passengers.
car_0268.off,Old very long sedan with antenna exudes classic elegance.
car_0269.off,Ford Mustang car delivers iconic performance and style.
car_0270.off,Very small boxy Mercedes hatchback car is perfect for city driving.
car_0271.off,Opel curvy hatchback combines style with practicality for daily use.
car_0272.off,Old boxy sleek muscle car exudes vintage American charm.
car_0273.off,Mitsubishi sedan car with a spoiler offers sporty performance.
car_0275.off,Small curvy hatchback with antenna offers agility and style.
car_0276.off,Curvy rooftop open sleek car with low ground clearance exudes sophistication.
car_0277.off,Audi sedan car combines luxury with advanced technology features.
car_0278.off,Sleek sedan car with low ground clearance offers a smooth ride.
car_0279.off,Toy car provides endless fun and entertainment for children.
car_0280.off,Toy car sparks imagination and creativity in kids.
car_0281.off,Long sedan taxi car offers transportation services for commuters.
car_0283.off,Curvy small hatchback car blends style with efficiency for city driving.
car_0284.off,Sedan car provides comfort and practicality for daily commuting.
car_0285.off,BMW sedan car delivers performance and luxury in one package.
car_0286.off,Carvan is a versatile vehicle for camping and road trips.
car_0287.off,Rooftop open sedan car offers a unique driving experience.
car_0288.off,Long and sleek pickup truck combines utility with style.
car_0289.off,Sleek sportscar with no wheels offers futuristic design and performance.
car_0290.off,Boxy minivan provides spaciousness and versatility for families.
car_0291.off,Old long family sedan car exudes timeless charm and elegance.
car_0292.off,Small two-seater racecar with spoiler delivers thrilling performance.
car_0293.off,Long sedan car offers comfort and reliability for daily use.
car_0294.off,Boxy SUV car provides ruggedness and capability for various terrains.
car_0295.off,Vintage small curvy car exudes retro charm and style.
car_0296.off,Boxy minivan offers practicality and comfort for family transportation.
car_0297.off,Audi big SUV car combines luxury with off-road capability.
